<BackupInst xmlns="http://www.microsoft.com/GroupPolicy/GPOOperations/Manifest"><GPOGuid><![CDATA[{2c83a657-cee7-4b05-989d-6f1645928710}]]></GPOGuid><GPODomain><![CDATA[demo.devicetrust.local]]></GPODomain><GPODomainGuid><![CDATA[{513d9172-fa8f-4685-b46e-99946247f252}]]></GPODomainGuid><GPODomainController><![CDATA[DTLDAD01.demo.devicetrust.local]]></GPODomainController><BackupTime><![CDATA[2022-10-07T14:37:22]]></BackupTime><ID><![CDATA[{C3526E57-F466-4D8F-A30C-AE684AB6FCEB}]]></ID><Comment><![CDATA[]]></Comment><GPODisplayName><![CDATA[GPO_C_DisableServerManagerOnStartup]]></GPODisplayName></BackupInst>
