<BackupInst xmlns="http://www.microsoft.com/GroupPolicy/GPOOperations/Manifest"><GPOGuid><![CDATA[{76dce09d-97a4-4702-a314-d7cb3c4bf29f}]]></GPOGuid><GPODomain><![CDATA[demo.devicetrust.local]]></GPODomain><GPODomainGuid><![CDATA[{513d9172-fa8f-4685-b46e-99946247f252}]]></GPODomainGuid><GPODomainController><![CDATA[DTLDAD01.demo.devicetrust.local]]></GPODomainController><BackupTime><![CDATA[2022-10-07T14:37:27]]></BackupTime><ID><![CDATA[{2CFC6111-4BF9-42F7-AD13-8758D8C4475F}]]></ID><Comment><![CDATA[]]></Comment><GPODisplayName><![CDATA[GPO_U_Optics_Wallpaper]]></GPODisplayName></BackupInst>
