<Backups xmlns="http://www.microsoft.com/GroupPolicy/GPOOperations/Manifest" xmlns:mfst="http://www.microsoft.com/GroupPolicy/GPOOperations/Manifest" mfst:version="1.0"><BackupInst><GPOGuid><![CDATA[{c5fe21ea-fd1a-4fa0-aa30-6d825bbecc54}]]></GPOGuid><GPODomain><![CDATA[democloud.local]]></GPODomain><GPODomainGuid><![CDATA[{65a09377-22db-4c1b-ac9a-49fada434a0b}]]></GPODomainGuid><GPODomainController><![CDATA[inf-dc-01.democloud.local]]></GPODomainController><BackupTime><![CDATA[2022-11-29T14:48:03]]></BackupTime><ID><![CDATA[{9238393D-E378-4981-B51A-619606CC8BF0}]]></ID><Comment><![CDATA[]]></Comment><GPODisplayName><![CDATA[GPO_C_deviceTRUST_Properties]]></GPODisplayName></BackupInst></Backups>