<BackupInst xmlns="http://www.microsoft.com/GroupPolicy/GPOOperations/Manifest"><GPOGuid><![CDATA[{836ed289-e690-4690-844d-bd2883d8572b}]]></GPOGuid><GPODomain><![CDATA[demo.devicetrust.local]]></GPODomain><GPODomainGuid><![CDATA[{513d9172-fa8f-4685-b46e-99946247f252}]]></GPODomainGuid><GPODomainController><![CDATA[DTLDAD01.demo.devicetrust.local]]></GPODomainController><BackupTime><![CDATA[2022-10-07T14:37:21]]></BackupTime><ID><![CDATA[{A332CE79-7DFB-4430-82FB-A6F648D557E0}]]></ID><Comment><![CDATA[]]></Comment><GPODisplayName><![CDATA[GPO_C_RDSH]]></GPODisplayName></BackupInst>
