<BackupInst xmlns="http://www.microsoft.com/GroupPolicy/GPOOperations/Manifest"><GPOGuid><![CDATA[{c6304bea-0680-4e7d-9cdc-a2f495f71f6d}]]></GPOGuid><GPODomain><![CDATA[demo.devicetrust.local]]></GPODomain><GPODomainGuid><![CDATA[{513d9172-fa8f-4685-b46e-99946247f252}]]></GPODomainGuid><GPODomainController><![CDATA[DTLDAD01.demo.devicetrust.local]]></GPODomainController><BackupTime><![CDATA[2022-10-07T14:37:21]]></BackupTime><ID><![CDATA[{F339D586-C821-4779-B4D0-D19811FD0E6A}]]></ID><Comment><![CDATA[]]></Comment><GPODisplayName><![CDATA[GPO_C_deviceTRUST_Basic]]></GPODisplayName></BackupInst>
