<Backups xmlns="http://www.microsoft.com/GroupPolicy/GPOOperations/Manifest" xmlns:mfst="http://www.microsoft.com/GroupPolicy/GPOOperations/Manifest" mfst:version="1.0"><BackupInst><GPOGuid><![CDATA[{18684dcb-9dd0-4bad-9d44-0a56f43ff677}]]></GPOGuid><GPODomain><![CDATA[democloud.local]]></GPODomain><GPODomainGuid><![CDATA[{65a09377-22db-4c1b-ac9a-49fada434a0b}]]></GPODomainGuid><GPODomainController><![CDATA[inf-dc-01.democloud.local]]></GPODomainController><BackupTime><![CDATA[2022-11-29T14:47:59]]></BackupTime><ID><![CDATA[{99565E46-5611-4801-91C5-C34CD663FCF8}]]></ID><Comment><![CDATA[]]></Comment><GPODisplayName><![CDATA[GPO_C_DisableServerManagerOnStartup]]></GPODisplayName></BackupInst></Backups>