<Backups xmlns="http://www.microsoft.com/GroupPolicy/GPOOperations/Manifest" xmlns:mfst="http://www.microsoft.com/GroupPolicy/GPOOperations/Manifest" mfst:version="1.0"><BackupInst><GPOGuid><![CDATA[{b40e40af-ad33-472a-881d-1bb511416efe}]]></GPOGuid><GPODomain><![CDATA[demo.devicetrust.local]]></GPODomain><GPODomainGuid><![CDATA[{513d9172-fa8f-4685-b46e-99946247f252}]]></GPODomainGuid><GPODomainController><![CDATA[DTLDAD01.demo.devicetrust.local]]></GPODomainController><BackupTime><![CDATA[2022-10-07T14:37:17]]></BackupTime><ID><![CDATA[{C1BC72B6-AA7A-449A-B0D0-780915848177}]]></ID><Comment><![CDATA[]]></Comment><GPODisplayName><![CDATA[GPO_C_LoopbackProcessing]]></GPODisplayName></BackupInst></Backups>