<Backups xmlns="http://www.microsoft.com/GroupPolicy/GPOOperations/Manifest" xmlns:mfst="http://www.microsoft.com/GroupPolicy/GPOOperations/Manifest" mfst:version="1.0"><BackupInst><GPOGuid><![CDATA[{79898bf4-24f8-430c-8168-f5edbdd10021}]]></GPOGuid><GPODomain><![CDATA[democloud.local]]></GPODomain><GPODomainGuid><![CDATA[{65a09377-22db-4c1b-ac9a-49fada434a0b}]]></GPODomainGuid><GPODomainController><![CDATA[inf-dc-01.democloud.local]]></GPODomainController><BackupTime><![CDATA[2022-11-29T14:48:02]]></BackupTime><ID><![CDATA[{E4A7C5FA-DD6F-4805-97CA-119F598D06CC}]]></ID><Comment><![CDATA[]]></Comment><GPODisplayName><![CDATA[GPO_C_NewsAndInterests]]></GPODisplayName></BackupInst></Backups>