<BackupInst xmlns="http://www.microsoft.com/GroupPolicy/GPOOperations/Manifest"><GPOGuid><![CDATA[{f0e8c271-966d-48fb-9fa4-1f56d139c996}]]></GPOGuid><GPODomain><![CDATA[democloud.local]]></GPODomain><GPODomainGuid><![CDATA[{65a09377-22db-4c1b-ac9a-49fada434a0b}]]></GPODomainGuid><GPODomainController><![CDATA[inf-dc-01.democloud.local]]></GPODomainController><BackupTime><![CDATA[2022-11-29T14:48:03]]></BackupTime><ID><![CDATA[{249E2CE4-1CAC-4A2D-A90C-831CDE8751D9}]]></ID><Comment><![CDATA[]]></Comment><GPODisplayName><![CDATA[GPO_C_IPv6]]></GPODisplayName></BackupInst>
