<BackupInst xmlns="http://www.microsoft.com/GroupPolicy/GPOOperations/Manifest"><GPOGuid><![CDATA[{18b3613c-b325-4c9d-9c41-da8e3282416b}]]></GPOGuid><GPODomain><![CDATA[demo.devicetrust.local]]></GPODomain><GPODomainGuid><![CDATA[{513d9172-fa8f-4685-b46e-99946247f252}]]></GPODomainGuid><GPODomainController><![CDATA[DTLDAD01.demo.devicetrust.local]]></GPODomainController><BackupTime><![CDATA[2022-10-07T14:37:41]]></BackupTime><ID><![CDATA[{245402D5-A051-43B6-8D56-55BD0D02C543}]]></ID><Comment><![CDATA[]]></Comment><GPODisplayName><![CDATA[GPO_C_PowerShellExecutionPolicy]]></GPODisplayName></BackupInst>
