<Backups xmlns="http://www.microsoft.com/GroupPolicy/GPOOperations/Manifest" xmlns:mfst="http://www.microsoft.com/GroupPolicy/GPOOperations/Manifest" mfst:version="1.0"><BackupInst><GPOGuid><![CDATA[{d7008a59-6f8d-4a4a-95cc-2e165bd9a680}]]></GPOGuid><GPODomain><![CDATA[democloud.local]]></GPODomain><GPODomainGuid><![CDATA[{65a09377-22db-4c1b-ac9a-49fada434a0b}]]></GPODomainGuid><GPODomainController><![CDATA[inf-dc-01.democloud.local]]></GPODomainController><BackupTime><![CDATA[2022-11-29T14:48:03]]></BackupTime><ID><![CDATA[{7ACFFFB7-684C-4C76-8700-3D09207B64C1}]]></ID><Comment><![CDATA[]]></Comment><GPODisplayName><![CDATA[GPO_U_Optics_User]]></GPODisplayName></BackupInst></Backups>