<BackupInst xmlns="http://www.microsoft.com/GroupPolicy/GPOOperations/Manifest"><GPOGuid><![CDATA[{63584a58-fdb3-4f44-81c4-996611c38f6c}]]></GPOGuid><GPODomain><![CDATA[democloud.local]]></GPODomain><GPODomainGuid><![CDATA[{65a09377-22db-4c1b-ac9a-49fada434a0b}]]></GPODomainGuid><GPODomainController><![CDATA[inf-dc-01.democloud.local]]></GPODomainController><BackupTime><![CDATA[2022-11-29T14:48:02]]></BackupTime><ID><![CDATA[{53660C00-4B94-4C00-B2F1-B1E3CADA0018}]]></ID><Comment><![CDATA[]]></Comment><GPODisplayName><![CDATA[GPO_C_PowerSettings]]></GPODisplayName></BackupInst>
