<Backups xmlns="http://www.microsoft.com/GroupPolicy/GPOOperations/Manifest" xmlns:mfst="http://www.microsoft.com/GroupPolicy/GPOOperations/Manifest" mfst:version="1.0"><BackupInst><GPOGuid><![CDATA[{781b48e2-786e-42c3-8bab-85a4d9cb7bfa}]]></GPOGuid><GPODomain><![CDATA[demo.devicetrust.local]]></GPODomain><GPODomainGuid><![CDATA[{513d9172-fa8f-4685-b46e-99946247f252}]]></GPODomainGuid><GPODomainController><![CDATA[DTLDAD01.demo.devicetrust.local]]></GPODomainController><BackupTime><![CDATA[2022-10-07T14:37:29]]></BackupTime><ID><![CDATA[{2A7AFD9A-54D6-400B-BFC8-218C3CD520C3}]]></ID><Comment><![CDATA[]]></Comment><GPODisplayName><![CDATA[GPO_C_NewsAndInterests]]></GPODisplayName></BackupInst></Backups>