<BackupInst xmlns="http://www.microsoft.com/GroupPolicy/GPOOperations/Manifest"><GPOGuid><![CDATA[{6708ff0c-bd02-4f64-9b64-998aa42661c4}]]></GPOGuid><GPODomain><![CDATA[demo.devicetrust.local]]></GPODomain><GPODomainGuid><![CDATA[{513d9172-fa8f-4685-b46e-99946247f252}]]></GPODomainGuid><GPODomainController><![CDATA[DTLDAD01.demo.devicetrust.local]]></GPODomainController><BackupTime><![CDATA[2022-10-07T15:27:59]]></BackupTime><ID><![CDATA[{5CD401B0-93EA-4B18-91BB-916ACC6EDB28}]]></ID><Comment><![CDATA[]]></Comment><GPODisplayName><![CDATA[GPO_UC_RDSH_Democloud]]></GPODisplayName></BackupInst>
