<Backups xmlns="http://www.microsoft.com/GroupPolicy/GPOOperations/Manifest" xmlns:mfst="http://www.microsoft.com/GroupPolicy/GPOOperations/Manifest" mfst:version="1.0"><BackupInst><GPOGuid><![CDATA[{7a082ced-0f31-43cc-9218-b9db0dad6852}]]></GPOGuid><GPODomain><![CDATA[democloud.local]]></GPODomain><GPODomainGuid><![CDATA[{65a09377-22db-4c1b-ac9a-49fada434a0b}]]></GPODomainGuid><GPODomainController><![CDATA[inf-dc-01.democloud.local]]></GPODomainController><BackupTime><![CDATA[2022-11-29T14:48:02]]></BackupTime><ID><![CDATA[{9E947C13-B2D1-4560-9FA5-8D3D7624FF9A}]]></ID><Comment><![CDATA[]]></Comment><GPODisplayName><![CDATA[GPO_U_Optics_Wallpaper]]></GPODisplayName></BackupInst></Backups>