<BackupInst xmlns="http://www.microsoft.com/GroupPolicy/GPOOperations/Manifest"><GPOGuid><![CDATA[{b43d1f3a-8baf-4b18-8466-b379c2caac73}]]></GPOGuid><GPODomain><![CDATA[democloud.local]]></GPODomain><GPODomainGuid><![CDATA[{65a09377-22db-4c1b-ac9a-49fada434a0b}]]></GPODomainGuid><GPODomainController><![CDATA[inf-dc-01.democloud.local]]></GPODomainController><BackupTime><![CDATA[2022-11-29T14:48:03]]></BackupTime><ID><![CDATA[{BDAC9824-1D2E-465E-A5B6-94FE83B54B01}]]></ID><Comment><![CDATA[]]></Comment><GPODisplayName><![CDATA[GPO_C_RDSH]]></GPODisplayName></BackupInst>
