<BackupInst xmlns="http://www.microsoft.com/GroupPolicy/GPOOperations/Manifest"><GPOGuid><![CDATA[{1ffc0919-a423-4355-8323-3f90a1c69c42}]]></GPOGuid><GPODomain><![CDATA[democloud.local]]></GPODomain><GPODomainGuid><![CDATA[{65a09377-22db-4c1b-ac9a-49fada434a0b}]]></GPODomainGuid><GPODomainController><![CDATA[inf-dc-01.democloud.local]]></GPODomainController><BackupTime><![CDATA[2022-11-29T14:48:02]]></BackupTime><ID><![CDATA[{9DFFFC26-6324-4796-82A7-F934BF58BCAD}]]></ID><Comment><![CDATA[]]></Comment><GPODisplayName><![CDATA[GPO_C_deviceTRUST_Geolocation_Google]]></GPODisplayName></BackupInst>
