<BackupInst xmlns="http://www.microsoft.com/GroupPolicy/GPOOperations/Manifest"><GPOGuid><![CDATA[{9f36c0f8-7780-4acb-84f0-912c90f2ad5d}]]></GPOGuid><GPODomain><![CDATA[democloud.local]]></GPODomain><GPODomainGuid><![CDATA[{65a09377-22db-4c1b-ac9a-49fada434a0b}]]></GPODomainGuid><GPODomainController><![CDATA[inf-dc-01.democloud.local]]></GPODomainController><BackupTime><![CDATA[2022-11-29T14:48:03]]></BackupTime><ID><![CDATA[{A2B4164E-8E10-49C3-94D6-42E5B66AFA64}]]></ID><Comment><![CDATA[]]></Comment><GPODisplayName><![CDATA[GPO_C_Citrix_VDA_ListOfDDCs]]></GPODisplayName></BackupInst>
