<BackupInst xmlns="http://www.microsoft.com/GroupPolicy/GPOOperations/Manifest"><GPOGuid><![CDATA[{86ade2d6-10a3-42b4-94b9-48bfa6bbeff4}]]></GPOGuid><GPODomain><![CDATA[demo.devicetrust.local]]></GPODomain><GPODomainGuid><![CDATA[{513d9172-fa8f-4685-b46e-99946247f252}]]></GPODomainGuid><GPODomainController><![CDATA[DTLDAD01.demo.devicetrust.local]]></GPODomainController><BackupTime><![CDATA[2022-10-07T14:37:24]]></BackupTime><ID><![CDATA[{8C5FB0D4-1C90-4A76-AFB3-C2A5CF9F0B6A}]]></ID><Comment><![CDATA[]]></Comment><GPODisplayName><![CDATA[GPO_C_deviceTRUST_Geolocation_Google]]></GPODisplayName></BackupInst>
